id;title;content;video_url;slide_url
1;incinerate;../fake-data/blob/hipster.txt;burly uh-huh infamous;stunt though
2;colonialism young minister;../fake-data/blob/hipster.txt;provided;besides accept minor
3;happily overplay;../fake-data/blob/hipster.txt;blacken tensely;ouch nor
4;unbearably basket;../fake-data/blob/hipster.txt;huzzah;poorly seafood oh
5;helplessly;../fake-data/blob/hipster.txt;candid;sleet porter honestly
6;earth gut;../fake-data/blob/hipster.txt;far besides legal;athwart
7;even bright neatly;../fake-data/blob/hipster.txt;spook as;than
8;knotty lamp develop;../fake-data/blob/hipster.txt;gosh than;drat drat
9;tightly or lovingly;../fake-data/blob/hipster.txt;devoted minor;disk attest
10;awful granny;../fake-data/blob/hipster.txt;yum tremendously;yum cutover
